x,y
-245.8850571,-124.2662929
-246.7209381,-123.7175448
-247.5568164,-123.1687926
-248.3926921,-122.6200364
-249.228565,-122.071276
-250.0644351,-121.5225113
-250.9003024,-120.9737424
-251.7361669,-120.4249692
-252.5720285,-119.8761915
-253.4078872,-119.3274094
-254.2437429,-118.7786228
-255.0795956,-118.2298316
-255.9154452,-117.6810358
-256.7512918,-117.1322352
-257.5871352,-116.5834299
-258.4229754,-116.0346198
-259.2588125,-115.4858047
-260.0946463,-114.9369848
-260.9304768,-114.3881598
-261.766304,-113.8393297
-262.6021278,-113.2904946
-263.4379482,-112.7416542
-264.2737651,-112.1928086
-265.1095786,-111.6439576
-265.9453885,-111.0951013
-266.7811949,-110.5462395
-267.6169977,-109.9973723
-268.4527968,-109.4484995
-269.2885922,-108.899621
-270.1243839,-108.3507369
-270.9601718,-107.8018471
-271.7959559,-107.2529514
-272.6317361,-106.7040499
-273.4675125,-106.1551425
-274.3032849,-105.606229
-275.1390534,-105.0573096
-275.9748178,-104.508384
-276.8105782,-103.9594522
-277.6463345,-103.4105142
-278.4820867,-102.86157
-279.3178347,-102.3126193
-280.1535784,-101.7636623
-280.989318,-101.2146988
-281.8250532,-100.6657287
-282.6607841,-100.1167521
-283.4965107,-99.5677688
-284.3322328,-99.0187788
-285.1679504,-98.469782
-286.0036636,-97.9207783
-286.8393722,-97.3717678
-287.6750763,-96.8227503
-288.5107758,-96.2737257
-289.3464706,-95.7246941
-290.1821607,-95.1756554
-291.017846,-94.6266094
-291.8535266,-94.0775562
-292.6892024,-93.5284956
-293.5248733,-92.9794277
-294.3605393,-92.4303523
-295.1962004,-91.8812693
-296.0318565,-91.3321789
-296.8675076,-90.7830807
-297.7031537,-90.2339749
-298.5387946,-89.6848613
-299.3744304,-89.1357399
-300.2100611,-88.5866107
-301.0456865,-88.0374735
-301.8813066,-87.4883283
-302.7169215,-86.939175
-303.552531,-86.3900136
-304.3881351,-85.840844
-305.2237339,-85.2916662
-306.0593271,-84.7424801
-306.8949149,-84.1932856
-307.7304971,-83.6440827
-308.5660738,-83.0948713
-309.4016448,-82.5456513
-310.2372102,-81.9964227
-311.0727698,-81.4471855
-311.9083238,-80.8979395
-312.7438719,-80.3486848
-313.5794142,-79.7994211
-314.4149507,-79.2501486
-315.2504813,-78.7008671
-316.0860059,-78.1515765
-316.9215245,-77.6022769
-317.7570371,-77.0529681
-318.5925437,-76.50365
-319.4280441,-75.9543227
-320.2635385,-75.4049861
-321.0990266,-74.85564
-321.9345085,-74.3062845
-322.7699841,-73.7569194
-323.6054535,-73.2075448
-324.4409165,-72.6581605
-325.2763731,-72.1087665
-326.1118232,-71.5593628
-326.947267,-71.0099492
-327.7827042,-70.4605257
-328.6181348,-69.9110922
-329.4535589,-69.3616488
-330.2889764,-68.8121953
-331.1243872,-68.2627316
-331.9597913,-67.7132577
-332.7951886,-67.1637736
-333.6305791,-66.6142792
-334.4659629,-66.0647744
-335.3013397,-65.5152591
-336.1367097,-64.9657334
-336.9720727,-64.416197
-337.8074287,-63.8666501
-338.6427776,-63.3170925
-339.4781196,-62.7675241
-340.3134544,-62.2179449
-341.148782,-61.6683549
-341.9841025,-61.1187539
-342.8194157,-60.5691419
-343.6547217,-60.0195189
-344.4900203,-59.4698848
-345.3253116,-58.9202395
-346.1605955,-58.370583
-346.995872,-57.8209151
-347.831141,-57.271236
-348.6664025,-56.7215454
-349.5016564,-56.1718433
-350.3369027,-55.6221297
-351.1721414,-55.0724045
-352.0073725,-54.5226676
-352.8425958,-53.972919
-353.6778113,-53.4231586
-354.5130191,-52.8733864
-355.348219,-52.3236023
-356.1834111,-51.7738062
-357.0185952,-51.2239981
-357.8537714,-50.6741779
-358.6889396,-50.1243456
-359.5240998,-49.574501
-360.3592518,-49.0246442
-361.1943958,-48.474775
-362.0295316,-47.9248935
-362.8646592,-47.3749995
-363.6997785,-46.825093
-364.5348896,-46.2751739
-365.3699924,-45.7252422
-366.2050868,-45.1752978
-367.0401728,-44.6253407
-367.8752503,-44.0753707
-368.7103194,-43.5253878
-369.54538,-42.975392
-370.3804319,-42.4253832
-371.2154753,-41.8753614
-372.0505101,-41.3253264
-372.8855361,-40.7752782
-373.7205535,-40.2252168
-374.5555621,-39.6751421
-375.3905618,-39.1250541
-376.2255528,-38.5749526
-377.0605348,-38.0248376
-377.8955079,-37.4747091
-378.7304721,-36.9245669
-379.5654272,-36.3744111
-380.4003733,-35.8242416
-381.2353103,-35.2740582
-382.0702382,-34.7238611
-382.9051569,-34.17365
-383.7400664,-33.6234249
-384.5749667,-33.0731858
-385.4098576,-32.5229326
-386.2447393,-31.9726653
-387.0796115,-31.4223837
-387.9144744,-30.8720879
-388.7493278,-30.3217777
-389.5841717,-29.7714531
-390.4190061,-29.2211141
-391.2538309,-28.6707605
-392.0886461,-28.1203923
-392.9234516,-27.5700096
-393.7582475,-27.0196121
-394.5930336,-26.4691998
-395.42781,-25.9187728
-396.2625765,-25.3683308
-397.0973332,-24.8178739
-397.9320799,-24.267402
-398.7668168,-23.716915
-399.6015436,-23.1664129
-400.4362605,-22.6158956
-401.2709673,-22.065363
-402.1056639,-21.5148152
-402.9403505,-20.964252
-403.7750269,-20.4136733
-404.609693,-19.8630792
-405.4443489,-19.3124694
-406.2789945,-18.7618441
-407.1136297,-18.2112031
-407.9482546,-17.6605464
-408.7828691,-17.1098739
-409.617473,-16.5591855
-410.4520665,-16.0084812
-411.2866495,-15.4577609
-412.1212218,-14.9070246
-412.9557835,-14.3562722
-413.7903346,-13.8055036
-414.6248749,-13.2547188
-415.4594046,-12.7039177
-416.2939234,-12.1531003
-417.1284314,-11.6022665
-417.9629285,-11.0514162
-418.7974147,-10.5005493
-419.63189,-9.9496659
-420.4663543,-9.3987659
-421.3008075,-8.8478491
-422.1352497,-8.2969156
-422.9696808,-7.7459653
-423.8041007,-7.194998
-424.6385094,-6.6440138
-425.4729069,-6.0930126
-426.3072932,-5.5419944
-427.1416681,-4.990959
-427.9760316,-4.4399064
-428.8103838,-3.8888365
-429.6447245,-3.3377494
-430.4790538,-2.7866449
-431.3133715,-2.2355229
-432.1476777,-1.6843834
-432.9819723,-1.1332264
-433.8162552,-0.5820518
-434.6505265,-0.0308595
-435.484786,0.5203506
-436.3190338,1.0715784
-437.1532698,1.6228241
-437.987494,2.1740877
-438.8217062,2.7253693
-439.6559066,3.276669
-440.4900949,3.8279867
-441.3242713,4.3793226
-442.1584357,4.9306767
-442.9925879,5.4820491
-443.826728,6.0334399
-444.660856,6.584849
-445.4949717,7.1362766
-446.3290753,7.6877228
-447.1631665,8.2391875
-447.9972454,8.7906709
-448.8313119,9.3421729
-449.665366,9.8936938
-450.4994077,10.4452334
-451.3334369,10.996792
-452.1674535,11.5483695
-453.0014576,12.099966
-453.835449,12.6515816
-454.6694278,13.2032163
-455.503394,13.7548702
-456.3373473,14.3065433
-457.1712879,14.8582358
-458.0052157,15.4099476
-458.8391307,15.9616789
-459.6730327,16.5134296
-460.5069218,17.0651999
-461.3407979,17.6169898
-462.174661,18.1687994
-463.0085111,18.7206287
-463.842348,19.2724779
-464.6761719,19.8243468
-465.5099825,20.3762357
-466.3437799,20.9281446
-467.177564,21.4800735
-468.0113349,22.0320225
-468.8450924,22.5839916
-469.6788365,23.135981
-470.5125672,23.6879906
-471.3462844,24.2400206
-472.1799881,24.792071
-473.0136783,25.3441418
-473.8473548,25.8962332
-474.6810178,26.4483451
-475.5146671,27.0004777
-476.3483026,27.552631
-477.1819245,28.104805
-478.0155325,28.6569998
-478.8491267,29.2092156
-479.682707,29.7614522
-480.5162734,30.3137099
-481.3498259,30.8659886
-482.1833644,31.4182885
-483.0168888,31.9706095
-483.8503991,32.5229518
-484.6838954,33.0753154
-485.5173775,33.6277004
-486.3508453,34.1801067
-487.184299,34.7325346
-488.0177383,35.284984
-488.8511634,35.837455
-489.6845741,36.3899476
-490.5179703,36.942462
-491.3513522,37.4949982
-492.1847195,38.0475562
-493.0180724,38.6001361
-493.8514106,39.152738
-494.6847343,39.7053619
-495.5180433,40.2580079
-496.3513376,40.810676
-497.1846172,41.3633664
-498.017882,41.916079
-498.8511316,42.4688146
-499.684363,43.0215774
-500.5175667,43.5743821
-501.350723,44.1272584
-502.1838102,44.6802386
-503.0168067,45.2333556
-503.8496907,45.7866419
-504.6824405,46.3401301
-505.5150344,46.893853
-506.3474504,47.4478431
-507.1796669,48.0021329
-508.011662,48.556755
-508.8434137,49.1117421
-509.6749001,49.6671265
-510.5060992,50.2229408
-511.3369876,50.7792193
-512.1674447,51.3361417
-512.9968265,51.8946606
-513.8242268,52.4561116
-514.6491051,53.0212638
-515.4710654,53.5906516
-516.2896523,54.1648763
-517.1043415,54.7446147
-517.9145878,55.3305452
-518.7198269,55.9233373
-519.5194741,56.5236503
-520.3129223,57.132132
-521.0995408,57.7494164
-521.8786731,58.376122
-522.6496356,59.01285
-523.4117158,59.6601814
-524.1641708,60.3186749
-524.9062265,60.9888642
-525.6370759,61.6712553
-526.3558782,62.3663231
-527.0617581,63.0745088
-527.7538055,63.7962166
-528.4310732,64.5318098
-529.0925889,65.2816021
-529.7372066,66.0459656
-530.3636009,66.8253272
-530.9704104,67.6200306
-531.5562284,68.4303292
-532.1196058,69.2563848
-532.6590501,70.0982617
-533.173026,70.9559215
-533.6599558,71.8292173
-534.1182211,72.7178866
-534.5461651,73.6215448
-534.9420934,74.5396782
-535.3042731,75.4716371
-535.6309279,76.4166299
-535.9202303,77.3737182
-536.170279,78.3417931
-536.3791543,79.3195821
-536.5450174,80.3055747
-536.6659417,81.2980758
-536.7401322,82.2951782
-536.7665796,83.2946812
-536.7446142,84.2942817
-536.6736724,85.2915856
-536.5536217,86.2841395
-536.3845582,87.2694245
-536.1656628,88.2448381
-535.8958164,89.2075338
-535.5775998,90.1553061
-535.2139557,91.0865988
-534.807647,92.0001054
-534.3612276,92.8946926
-533.8766622,93.7692421
-533.3549361,94.6221802
-532.7969288,95.4518754
-532.2040788,96.2570022
-531.5783039,97.0368226
-530.9216024,97.7907816
-530.2358795,98.5184539
-529.5229861,99.2195409
-528.7847539,99.8938685
-528.0228512,100.5413533
-527.2388936,101.1619538
-526.4344096,101.7557077
-525.610856,102.3227187
-524.7696218,102.8631547
-523.9120308,103.3772439
-523.0393434,103.8652712
-522.1527583,104.3275748
-521.253414,104.7645429
-520.3423904,105.1766118
-519.4207101,105.5642637
-518.4893381,105.9280227
-517.5491721,106.2684145
-516.6010262,106.5859007
-515.6456576,106.8809467
-514.6837827,107.1540406
-513.7160752,107.4056909
-512.7431674,107.6364248
-511.7656513,107.8467857
-510.7840793,108.0373313
-509.7989655,108.2086322
-508.8107872,108.3612698
-507.8199854,108.4958354
-506.8269664,108.6129287
-505.8321029,108.7131566
-504.8357353,108.797132
-503.8381728,108.8654728
-502.8396945,108.9188007
-501.840551,108.9577407
-500.8409656,108.9829199
-499.8411347,108.9949671
-498.8412311,108.9945101
-497.8414034,108.9821453
-496.8417801,108.9584353
-495.84247,108.9239406
-494.843563,108.8792196
-493.8451355,108.8248669
-492.8472442,108.7613999
-491.8499597,108.6890211
-490.8533496,108.6078813
-489.8574781,108.5181298
-488.8624055,108.4199149
-487.8681888,108.3133835
-486.8748814,108.1986816
-485.8825337,108.0759535
-484.8911927,107.9453426
-483.9009023,107.8069907
-482.9117035,107.6610383
-481.9236341,107.5076243
-480.9367297,107.3468857
-479.9510195,107.178962
-478.9665571,107.0038833
-477.9834046,106.8215987
-477.0016235,106.6320651
-476.0212773,106.4352449
-475.0424289,106.2311052
-474.0651419,106.0196173
-473.0894796,105.8007559
-472.1155061,105.5744978
-471.1432858,105.3408211
-470.1728837,105.0997041
-469.2043675,104.8511219
-468.2378039,104.5950515
-467.2732621,104.3314678
-466.3108135,104.0603409
-465.3505321,103.7816361
-464.3924944,103.4953136
-463.436781,103.2013275
-462.4834729,102.899625
-461.5326734,102.5901484
-460.5844209,102.2729156
-459.6387408,101.9480996
-458.6956394,101.6158697
-457.7551207,101.2763963
-456.8171849,100.9298504
-455.8818279,100.5764026
-454.9490421,100.2162237
-454.0188159,99.8494839
-453.0911355,99.4763535
-452.1659768,99.0970112
-451.2433057,98.7116573
-450.323081,98.3204957
-449.4052656,97.9237146
-448.4898398,97.5214527
-447.5767882,97.1138306
-446.6660944,96.7009676
-445.7577399,96.2829824
-444.8517054,95.8599925
-443.9479687,95.4321146
-443.0465071,94.9994642
-442.1472958,94.5621559
-441.2503087,94.1203032
-440.3555185,93.6740185
-439.4628962,93.2234131
-438.5724119,92.7685973
-437.6840342,92.3096803
-436.7977304,91.8467704
-435.9134669,91.379975
-435.0312087,90.9094005
-434.1509196,90.4351525
-433.2725625,89.9573359
-432.3960989,89.4760547
-431.5214892,88.9914125
-430.648693,88.503512
-429.7776685,88.0124556
-428.9083729,87.5183449
-428.0407636,87.0212817
-427.1748045,86.5213477
-426.3104805,86.0185917
-425.4477777,85.5130587
-424.5866819,85.0047932
-423.7271783,84.4938398
-422.8692517,83.9802428
-422.0128867,83.4640463
-421.1580672,82.9452942
-420.3047771,82.4240304
-419.4529996,81.9002984
-418.6027178,81.3741416
-417.7539143,80.8456032
-416.9065715,80.3147261
-416.0606713,79.7815533
-415.2161956,79.2461273
-414.3731255,78.7084905
-413.5314423,78.1686852
-412.6911267,77.6267532
-411.8521592,77.0827366
-411.0145201,76.5366767
-410.1781893,75.9886152
-409.3431465,75.4385931
-408.5093712,74.8866516
-407.6768425,74.3328314
-406.8455394,73.7771732
-406.0154407,73.2197175
-405.1865246,72.6605045
-404.3587697,72.0995743
-403.5321537,71.5369669
-402.7066547,70.972722
-401.8822501,70.4068791
-401.0589173,69.8394777
-400.2366337,69.2705571
-399.415376,68.7001563
-398.5951213,68.1283142
-397.7758459,67.5550698
-396.9575265,66.9804615
-396.1401386,66.4045286
-395.3236551,65.8273146
-394.5080474,65.2488637
-393.6932866,64.6692206
-392.8793437,64.0884294
-392.0661897,63.5065343
-391.2537951,62.9235794
-390.4421305,62.3396086
-389.6311661,61.7546656
-388.8208723,61.1687941
-388.0112191,60.5820377
-387.2021763,59.9944398
-386.3937138,59.4060439
-385.5858011,58.8168931
-384.7784078,58.2270307
-383.9715034,57.6364999
-383.165057,57.0453435
-382.3590381,56.4536046
-381.5534156,55.861326
-380.7481585,55.2685506
-379.9432359,54.6753212
-379.1386167,54.0816804
-378.3342695,53.4876709
-377.5301632,52.8933355
-376.7262665,52.2987166
-375.922548,51.7038568
-375.1189763,51.1087988
-374.31552,50.5135849
-373.5121476,49.9182578
-372.7088277,49.3228599
-371.9055287,48.7274337
-371.1022192,48.1320218
-370.2988676,47.5366665
-369.4954425,46.9414106
-368.6919124,46.3462965
-367.8882457,45.7513667
-367.0844111,45.1566639
-366.280377,44.5622306
-365.476112,43.96811
-364.6715842,43.3743452
-363.8667619,42.7809798
-363.0616134,42.188057
-362.256107,41.5956205
-361.4502113,41.0037139
-360.6438946,40.4123807
-359.8371256,39.8216647
-359.0298731,39.2316098
-358.2221057,38.6422599
-357.4137924,38.053659
-356.6049022,37.4658512
-355.7954041,36.8788807
-354.9852674,36.292792
-354.1744616,35.7076294
-353.362956,35.1234375
-352.5507204,34.5402612
-351.7377245,33.9581452
-350.9239383,33.3771346
-350.1093319,32.7972744
-349.2938757,32.2186101
-348.4775241,31.6412095
-347.6599454,31.0655485
-346.8403699,30.4927499
-346.0180484,29.9239096
-345.1925699,29.3596347
-344.3636825,28.8003761
-343.5310991,28.2466371
-342.6944847,27.6990107
-341.8535043,27.1581137
-341.0078365,26.6245758
-340.1571738,26.0990392
-339.3012239,25.5821596
-338.4397118,25.074606
-337.5723815,24.5770623
-336.6989969,24.0902256
-335.8193435,23.6148077
-334.9332279,23.1515488
-334.040425,22.7013175
-333.140727,22.2650317
-332.2339655,21.8436249
-331.3200161,21.4380461
-330.3987996,21.0492592
-329.4702848,20.6782432
-328.5344916,20.3259919
-327.5914935,19.9935137
-326.6414209,19.6818313
-325.6844637,19.3919802
-324.7208747,19.1250088
-323.7509732,18.8819762
-322.7751477,18.6639513
-321.7938602,18.4720108
-320.8076492,18.3072371
-319.8171339,18.1707159
-318.8230181,18.0635331
-317.8260934,17.9867717
-316.8272457,17.9415094
-315.8274546,17.9288024
-314.8278029,17.9496701
-313.8294744,18.0051255
-312.8337619,18.0961613
-311.8420717,18.2237431
-310.85593,18.3888021
-309.8769835,18.592235
-308.9070242,18.8348453
-307.9479249,19.117398
-307.0017627,19.4405851
-306.0707047,19.8049763
-305.157046,20.210992
-304.2631783,20.6588426
-303.3915555,21.1485124
-302.5443411,21.6793654
-301.7233871,22.2499736
-300.9299978,22.8583794
-300.1649022,23.5020009
-299.4285239,24.1783071
-298.7211709,24.8849373
-298.0430243,25.6196562
-297.3941269,26.3803416
-296.774395,27.1649788
-296.183632,27.9716558
-295.6215553,28.7985897
-295.0877639,29.6440516
-294.581729,30.506421
-294.1028343,31.3841548
-293.6503718,32.2758049
-293.2235677,33.1800192
-292.8215726,34.0955356
-292.4434753,35.0211799
-292.0883122,35.9558652
-291.7550767,36.8985941
-291.4427635,37.8484609
-291.150345,38.8046417
-290.8767713,39.7663855
-290.6209727,40.7330107
-290.3818622,41.7039002
-290.1583379,42.6784976
-289.9492848,43.6563028
-289.7535769,44.6368672
-289.5700834,45.6197932
-289.3977668,46.6047404
-289.2356801,47.591424
-289.0828775,48.5795889
-288.9384116,49.5690079
-288.8013334,50.5594783
-288.6706929,51.550819
-288.545539,52.5428679
-288.4249191,53.5354787
-288.307879,54.528518
-288.1934505,55.521862
-288.0806497,56.5153922
-287.9684891,57.5089948
-287.8559779,58.5025575
-287.7421218,59.4959666
-287.6259222,60.4891037
-287.5063762,61.4818428
-287.3824763,62.474047
-287.25321,63.4655652
-287.1175602,64.4562291
-286.974505,65.4458492
-286.8230185,66.4342121
-286.662071,67.4210767
-286.4906302,68.4061706
-286.3076623,69.3891865
-286.1121336,70.3697789
-285.9030093,71.3475753
-285.6792648,72.3221276
-285.4398711,73.2929487
-285.1836528,74.2594653
-284.9093224,75.2209952
-284.6156158,76.1767815
-284.3013053,77.1259882
-283.965204,78.0676961
-283.6061712,79.0008982
-283.2231184,79.9244965
-282.8150154,80.8372982
-282.3808977,81.7380136
-281.9198743,82.6252532
-281.4311353,83.4975261
-280.9139619,84.3532356
-280.3677117,85.1906869
-279.7918707,86.0080614
-279.1860577,86.803492
-278.5500906,87.5750233
-277.8839542,88.3206496
-277.1880758,89.0385188
-276.4641417,89.7279707
-275.713876,90.3888954
-274.9386418,91.0203505
-274.1397105,91.6215594
-273.3183885,92.1918007
-272.4759714,92.7304094
-271.6138046,93.2367585
-270.7338958,93.7116431
-269.8381982,94.1560026
-268.9284105,94.5707688
-268.0060611,94.9568027
-267.0725339,95.3149688
-266.1291021,95.6461749
-265.1769466,95.9514048
-264.2171633,96.2317414
-263.2507713,96.4883619
-262.2786198,96.7222482
-261.3014119,96.9340169
-260.3197903,97.1242889
-259.3343519,97.2936941
-258.3456481,97.442871
-257.3541861,97.5724652
-256.3604317,97.683127
-255.3648105,97.7755097
-254.3677098,97.8502678
-253.3694806,97.908056
-252.3704393,97.9495271
-251.3708696,97.9753313
-250.3710239,97.9861152
-249.3711254,97.9825206
-248.3713701,97.9651841
-247.3719269,97.9347359
-246.3729417,97.8918003
-245.3745366,97.836995
-244.3768129,97.7709307
-243.3798511,97.6942139
-242.3837134,97.6074471
-241.388444,97.5112261
-240.3940693,97.4061388
-239.40061,97.292725
-238.4080886,97.1714157
-237.4165258,97.0426573
-236.4258213,96.9073331
-235.4358352,96.7668099
-234.4463907,96.6225177
-233.4573006,96.4758139
-232.4684519,96.3274916
-231.4798148,96.1777648
-230.4913698,96.0267752
-229.5030968,95.874664
-228.5149751,95.7215728
-227.5269837,95.5676427
-226.539102,95.4130155
-225.5513087,95.2578221
-224.5635981,95.1021003
-223.5759738,94.9458324
-222.5884392,94.7889984
-221.6009979,94.6315784
-220.6136533,94.4735525
-219.6264091,94.3149007
-218.6392689,94.1556032
-217.6522363,93.99564
-216.6653152,93.8349911
-215.6785091,93.6736366
-214.6918219,93.5115566
-213.7052575,93.3487312
-212.7188197,93.1851404
-211.7325125,93.0207643
-210.7463401,92.855581
-209.760314,92.6895271
-208.7744567,92.5224739
-207.788793,92.3542823
-206.8033482,92.1848132
-205.818148,92.0139275
-204.833219,91.8414865
-203.8485881,91.6673511
-202.8642832,91.4913829
-201.8803328,91.3134431
-200.8967664,91.1333935
-199.9136143,90.9510957
-198.9309076,90.766412
-197.9486793,90.5792048
-196.9669621,90.3893499
-195.9857643,90.1968092
-195.0050928,90.001605
-194.0249502,89.8037621
-193.0453388,89.6033049
-192.0662609,89.4002579
-191.0877185,89.1946454
-190.1097135,88.9864914
-189.1322476,88.7758199
-188.1553223,88.5626543
-187.1789418,88.347008
-186.2031146,88.1288728
-185.2278502,87.9082347
-184.2531587,87.6850798
-183.27905,87.4593941
-182.3055345,87.2311633
-181.3326226,87.0003731
-180.3603248,86.767009
-179.388652,86.5310564
-178.417615,86.2925005
-177.447225,86.0513266
-176.4774932,85.8075196
-175.508431,85.5610646
-174.54005,85.3119465
-173.5723619,85.0601501
-172.6053787,84.8056602
-171.6391126,84.5484616
-170.6735754,84.288539
-169.7087808,84.0258756
-168.7447436,83.7604442
-167.7814814,83.4922146
-166.8190113,83.2211566
-165.8573508,82.9472404
-164.8965175,82.6704364
-163.9365295,82.3907151
-162.977405,82.1080472
-162.0191625,81.8224037
-161.0618207,81.5337559
-160.1053986,81.2420752
-159.1499154,80.9473335
-158.1953907,80.6495029
-157.2418439,80.3485557
-156.2892951,80.0444648
-155.3377644,79.7372031
-154.3872721,79.4267441
-153.4378388,79.1130616
-152.4894853,78.7961298
-151.5422336,78.4759224
-150.5961097,78.1523955
-149.6511457,77.8254967
-148.7073732,77.4951735
-147.7648247,77.1613742
-146.8235327,76.8240476
-145.8835308,76.4831429
-144.9448526,76.1386102
-144.0075324,75.7903997
-143.0716053,75.4384623
-142.1371066,75.0827495
-141.2040723,74.7232131
-140.272539,74.3598055
-139.3425439,73.9924795
-138.4141247,73.6211885
-137.4873198,73.2458861
-136.5621682,72.8665266
-135.6387093,72.4830647
-134.716985,72.0954549
-133.7970386,71.7036533
-132.878984,71.3074278
-131.9630044,70.9064285
-131.0492894,70.5002955
-130.1380431,70.0886532
-129.2294873,69.6711079
-128.3238591,69.2472505
-127.4214128,68.8166622
-126.5224187,68.3789043
-125.6271379,67.9335915
-124.7355648,67.4809173
-123.8475065,67.0213864
-122.9627668,66.5554971
-122.0811513,66.0837221
-121.2024681,65.6065074
-120.3265295,65.1242732
-119.4531514,64.6374167
-118.5821542,64.1463154
-117.7133705,63.6513087
-116.8467602,63.1525042
-115.9823149,62.6499567
-115.1200237,62.1437217
-114.2598749,61.6338549
-113.4018561,61.120412
-112.545954,60.6034483
-111.6921545,60.0830193
-110.8404431,59.5591803
-109.990804,59.0319866
-109.1432211,58.5014934
-108.2976775,57.9677559
-107.4541553,57.4308294
-106.6126361,56.890769
-105.7731008,56.3476298
-104.9355292,55.8014671
-104.0999009,55.2523359
-103.2661942,54.7002914
-102.4343878,54.1453888
-101.6044647,53.5876722
-100.776421,53.0271692
-99.9502526,52.4639055
-99.1259553,51.8979072
-98.3035243,51.3292002
-97.4829547,50.7578108
-96.6642412,50.1837649
-95.8473782,49.6070888
-95.0323597,49.0278085
-94.2191797,48.4459503
-93.4078317,47.8615402
-92.598309,47.2746043
-91.7906046,46.6851685
-90.9847113,46.0932589
-90.1806219,45.4989011
-89.3783285,44.902121
-88.5778235,44.3029443
-87.7790987,43.7013963
-86.9821461,43.0975025
-86.1869571,42.4912882
-85.3935234,41.8827784
-84.6018361,41.271998
-83.8118865,40.658972
-83.0236656,40.0437247
-82.2371643,39.4262807
-81.4523734,38.8066642
-80.6692835,38.1848992
-79.8878853,37.5610096
-79.1081692,36.9350189
-78.3301257,36.3069506
-77.5537451,35.676828
-76.7790176,35.0446739
-76.0059335,34.4105111
-75.2344828,33.7743621
-74.464659,33.1362452
-73.6964664,32.4961657
-72.9299138,31.8541231
-72.1650105,31.2101166
-71.4017656,30.5641455
-70.6401885,29.9162089
-69.8802888,29.266306
-69.1220762,28.6144356
-68.3655604,27.9605969
-67.6107514,27.3047886
-66.8576588,26.647012
-66.1062661,25.9872932
-65.3565141,25.3257097
-64.6083329,24.6623502
-63.8616513,23.9973031
-63.1163979,23.330656
-62.3725004,22.6624962
-61.6298859,21.9929106
-60.8884814,21.3219855
-60.148213,20.649807
-59.4090066,19.9764608
-58.6707875,19.3020322
-57.933481,18.6266062
-57.1970115,17.9502674
-56.4613036,17.2731003
-55.7262849,16.5951852
-54.9919159,15.9165663
-54.2581876,15.2372548
-53.5250941,14.5572582
-52.7926294,13.8765843
-52.0607877,13.1952407
-51.3295629,12.513235
-50.5989492,11.8305747
-49.8689406,11.1472674
-49.139531,10.4633208
-48.4107143,9.7787422
-47.6824847,9.0935393
-46.9548359,8.4077196
-46.227762,7.7212905
-45.5012568,7.0342594
-44.7753142,6.346634
-44.0499281,5.6584215
-43.3250923,4.9696294
-42.6008007,4.2802651
-41.877047,3.5903361
-41.1538251,2.8998496
-40.4311288,2.208813
-39.7089519,1.5172338
-38.987288,0.8251191
-38.2661309,0.1324764
-37.5454744,-0.5606871
-36.8253121,-1.2543641
-36.1056378,-1.9485473
-35.386445,-2.6432294
-34.6677276,-3.3384033
-33.949479,-4.0340616
-33.2316931,-4.7301972
-32.5143633,-5.4268028
-31.7974832,-6.1238713
-31.0810466,-6.8213955
-30.3650469,-7.5193682
-29.6494776,-8.2177822
-28.9343325,-8.9166305
-28.219605,-9.6159059
-27.5052886,-10.3156012
-26.7913768,-11.0157094
-26.0778632,-11.7162233
-25.3647412,-12.4171359
-24.6520043,-13.1184402
-23.939646,-13.820129
-23.2276598,-14.5221952
-22.516039,-15.224632
-21.8047772,-15.9274321
-21.0938676,-16.6305887
-20.3833039,-17.3340946
-19.6730792,-18.0379429
-18.9631872,-18.7421266
-18.253621,-19.4466388
-17.5443741,-20.1514724
-16.8354399,-20.8566204
-16.1268117,-21.562076
-15.4184829,-22.2678322
-14.7104468,-22.9738819
-14.0026966,-23.6802184
-13.2952259,-24.3868347
-12.5880277,-25.0937239
-11.8810955,-25.800879
-11.1744226,-26.5082932
-10.4680022,-27.2159596
-9.7618276,-27.9238712
-9.055892,-28.6320213
-8.3501889,-29.3404029
-7.6447113,-30.0490092
-6.9394526,-30.7578333
-6.2344059,-31.4668684
-5.5295646,-32.1761076
-4.8249219,-32.8855441
-4.120471,-33.5951711
-3.4162051,-34.3049816
-2.7121174,-35.014969
-2.0082012,-35.7251263
-1.3044496,-36.4354468
-0.6008558,-37.1459236
0.1025869,-37.85655
0.8058853,-38.5673191
1.5090464,-39.2782242
2.2120768,-39.9892585
2.9149835,-40.7004151
3.6177732,-41.4116872
4.3204528,-42.1230682
5.0230291,-42.8345512
5.7255089,-43.5461294
6.4278991,-44.2577961
7.1302066,-44.9695445
7.8324381,-45.6813678
8.5346005,-46.3932593
9.2367006,-47.1052122
9.9387453,-47.8172198
10.640741,-48.5292756
11.3426941,-49.2413734
12.0446112,-49.9535068
12.7464986,-50.6656694
13.4483629,-51.3778547
14.1502105,-52.0900566
14.8520479,-52.8022685
15.5538815,-53.5144841
16.2557178,-54.2266971
16.9575632,-54.9389011
17.6594242,-55.6510897
18.3613073,-56.3632565
19.0632189,-57.0753953
19.7651655,-57.7874995
20.4671535,-58.4995629
21.1691895,-59.2115791
21.8712798,-59.9235417
22.5734309,-60.6354443
23.2756493,-61.3472806
23.9779413,-62.0590441
24.6803136,-62.7707285
25.3827724,-63.4823275
26.0853244,-64.1938345
26.7879758,-64.9052434
27.4907331,-65.6165475
28.1936028,-66.3277407
28.8965913,-67.0388164
29.599705,-67.7497682
30.3029504,-68.4605899
31.0063339,-69.1712749
31.7098619,-69.8818169
32.4135408,-70.5922094
33.117377,-71.302446
33.821377,-72.0125203
34.5255471,-72.7224259
35.2298937,-73.4321564
35.9344232,-74.1417053
36.6391421,-74.8510661
37.3440566,-75.5602325
38.0491732,-76.269198
38.7544983,-76.9779561
39.4600382,-77.6865004
40.1657992,-78.3948244
40.8717877,-79.1029216
41.5780101,-79.8107856
42.2844727,-80.5184099
42.9911818,-81.2257879
43.6981438,-81.9329132
44.405365,-82.6397794
45.1128517,-83.3463797
45.8206101,-84.0527079
46.5286467,-84.7587573
47.2369676,-85.4645214
47.9455792,-86.1699936
48.6544877,-86.8751675
49.3636995,-87.5800364
50.0732206,-88.2845939
50.7830575,-88.9888332
51.4932163,-89.6927479
52.2037033,-90.3963314
52.9145247,-91.0995771
53.6256867,-91.8024783
54.3371954,-92.5050285
55.0490572,-93.207221
55.7612781,-93.9090492
56.4738644,-94.6105065
57.1868221,-95.3115862
57.9001575,-96.0122816
58.6138767,-96.7125861
59.3279858,-97.412493
60.042491,-98.1119956
60.7573983,-98.8110872
61.4727138,-99.5097611
62.1884436,-100.2080105
62.9045938,-100.9058288
63.6211704,-101.6032092
64.3381795,-102.3001449
65.0556272,-102.9966292
65.7735194,-103.6926552
66.4918621,-104.3882163
67.2106614,-105.0833056
67.9299232,-105.7779162
68.6496535,-106.4720414
69.3698582,-107.1656743
70.0905434,-107.858808
70.8117148,-108.5514357
71.5333785,-109.2435506
72.2555403,-109.9351457
72.9782062,-110.6262141
73.7013819,-111.3167489
74.4250734,-112.0067432
75.1492865,-112.69619
75.8740269,-113.3850824
76.5993006,-114.0734133
77.3251133,-114.7611759
78.0514708,-115.4483631
78.7783789,-116.1349679
79.5058433,-116.8209832
80.2338697,-117.5064021
80.9624638,-118.1912174
81.6916314,-118.8754221
82.4213781,-119.559009
83.1517097,-120.2419712
83.8826316,-120.9243014
84.6141497,-121.6059926
85.3462694,-122.2870375
86.0789964,-122.967429
86.8123362,-123.6471599
87.5462945,-124.326223
88.2808767,-125.0046111
89.0160883,-125.682317
89.751935,-126.3593333
90.4884221,-127.0356529
91.2255551,-127.7112684
91.9633395,-128.3861726
92.7017807,-129.060358
93.4408841,-129.7338175
94.1806551,-130.4065435
94.921099,-131.0785288
95.6622212,-131.7497659
96.4040271,-132.4202474
97.1465219,-133.0899659
97.8897109,-133.758914
98.6335994,-134.4270841
99.3781927,-135.0944688
100.1234958,-135.7610605
100.8695142,-136.4268518
101.6162529,-137.0918351
102.363717,-137.7560028
103.1119118,-138.4193474
103.8608423,-139.0818611
104.6105173,-139.7435323
105.3610102,-140.4042756
106.1125232,-141.0638585
106.8652897,-141.7220101
107.6195424,-142.378458
108.375512,-143.0329278
109.1334271,-143.6851435
109.8935134,-144.3348272
110.6559866,-144.9817068
111.4209724,-145.6256145
112.1884959,-146.2664953
112.958573,-146.9043054
113.7312193,-147.5390008
114.5064502,-148.1705366
115.284282,-148.7988663
116.0647445,-149.4239251
116.8478909,-150.0456178
117.6337778,-150.6638425
118.4224609,-151.2784957
119.2139939,-151.8894746
120.0084284,-152.4966759
120.8058152,-153.0999951
121.6062039,-153.699326
122.4096433,-154.294561
123.2161808,-154.8855912
124.0258629,-155.4723061
124.8387346,-156.0545937
125.6548397,-156.6323407
126.4742206,-157.2054324
127.2969178,-157.7737527
128.1229707,-158.3371845
128.9524166,-158.8956091
129.7852911,-159.4489068
130.6216279,-159.9969568
131.4614586,-160.5396373
132.3048127,-161.0768257
133.1517177,-161.6083981
134.0021977,-162.1342313
134.856301,-162.6541584
135.7141053,-163.1679575
136.5756847,-163.6754007
137.4411083,-164.1762594
138.3104395,-164.6703042
139.1837363,-165.1573048
140.0610505,-165.6370299
140.9424285,-166.1092472
141.8279103,-166.5737231
142.7175301,-167.030223
143.6113161,-167.4785107
144.5092902,-167.9183485
145.4114684,-168.3494972
146.3178599,-168.7717158
147.2284679,-169.1847615
148.1432889,-169.5883898
149.062313,-169.9823542
149.9855228,-170.3664052
150.9128888,-170.7403
151.8444103,-171.1037216
152.7801363,-171.456177
153.7201085,-171.7971432
154.6643622,-172.1260629
155.6129295,-172.4423383
156.5658217,-172.7453252
157.523025,-173.034333
158.4846094,-173.3085635
159.4504638,-173.5673132
160.4202429,-173.8109118
161.3935375,-174.0400565
162.3699582,-174.2554905
163.3491578,-174.4579109
164.3308361,-174.6479603
165.3147172,-174.8262548
166.3005586,-174.9933731
167.2881211,-175.1498702
168.2772721,-175.2961358
169.2678656,-175.4322712
170.2597824,-175.5584126
171.2529031,-175.6746987
172.2471133,-175.7812716
173.242303,-175.8782765
174.2383663,-175.9658615
175.2352016,-176.0441776
176.2327115,-176.1133781
177.2308028,-176.1736186
178.2293859,-176.2250571
179.2283766,-176.2678536
180.2276946,-176.3021698
181.2272636,-176.3281692
182.2270115,-176.3460169
183.2268701,-176.3558796
184.2267753,-176.357925
185.2266668,-176.3523221
186.2264885,-176.3392399
187.2261881,-176.3188398
188.2257161,-176.291281
189.2250269,-176.2567236
190.2240779,-176.215328
191.22283,-176.1672551
192.2212474,-176.1126661
193.2192972,-176.0517226
194.2169498,-175.9845861
195.2141783,-175.9114182
196.210959,-175.8323807
197.2072707,-175.7476351
198.2030953,-175.6573426
199.1984169,-175.5616645
200.1932226,-175.4607616
201.1875017,-175.3547943
202.181246,-175.2439225
203.1744495,-175.1283059
204.1671085,-175.0081033
205.1592215,-174.8834731
206.1507888,-174.754573
207.1418128,-174.6215598
208.1322977,-174.4845899
209.1222496,-174.3438185
210.111676,-174.1994002
211.1005864,-174.0514886
212.0889908,-173.9002362
213.0769005,-173.7457832
214.064324,-173.5882505
215.0512704,-173.4277549
216.0377506,-173.2644174
217.0237797,-173.0983807
218.0093766,-172.9297974
218.9945609,-172.7588197
219.9793534,-172.5855989
220.9637755,-172.4102859
221.9478497,-172.2330306
222.9315994,-172.0539827
223.9150467,-171.8732823
224.8982101,-171.691042
225.8811073,-171.5073711
226.8637566,-171.3223785
227.8461768,-171.1361732
228.8283871,-170.9488639
229.8104072,-170.7605594
230.7922569,-170.5713684
231.7739564,-170.3813999
232.7555264,-170.1907626
233.7369875,-169.9995656
234.7183607,-169.8079179
235.6996671,-169.6159285
236.6809281,-169.4237068
237.6621651,-169.2313622
238.6433994,-169.039004
239.6246525,-168.8467421
240.605946,-168.654686
241.5873013,-168.4629459
242.5687396,-168.2716316
243.5502823,-168.0808535
244.5319505,-167.8907219
245.5137649,-167.7013473
246.4957463,-167.5128405
247.4779149,-167.3253123
248.460291,-167.1388738
249.4428941,-166.9536362
250.4257437,-166.7697108
251.4088586,-166.5872094
252.3922572,-166.4062438
253.3759576,-166.226926
254.3599771,-166.0493683
255.3443326,-165.8736833
256.3290402,-165.6999839
257.3141157,-165.5283832
258.2995738,-165.3589947
259.285429,-165.1919323
260.2716938,-165.0273109
261.2583849,-164.8652608
262.2455197,-164.7059362
263.2331151,-164.549493
264.2211869,-164.3960879
265.2097499,-164.2458784
266.198818,-164.0990229
267.1884013,-163.9556809
268.1785096,-163.8160134
269.1691525,-163.6801893
270.1603385,-163.5483889
271.1520748,-163.4207953
272.144366,-163.2975926
273.1372144,-163.1789657
274.13062,-163.0651003
275.1245801,-162.9561829
276.1190894,-162.8524007
277.1141395,-162.7539415
278.1097195,-162.6609936
279.105815,-162.573746
280.1024087,-162.492388
281.0994799,-162.4171092
282.0970044,-162.3480999
283.0949547,-162.2855501
284.0932994,-162.2296502
285.0920034,-162.1805908
286.0910279,-162.1385621
287.09033,-162.1037547
288.0898625,-162.0763585
289.0895743,-162.0565634
290.08941,-162.0445588
291.0893094,-162.0405337
292.0892083,-162.0446763
293.0890376,-162.0571743
294.0887235,-162.0782143
295.0881875,-162.1079821
296.0873461,-162.1466625
297.086111,-162.1944388
298.0843867,-162.2514982
299.0820747,-162.3180811
300.0790606,-162.3944577
301.0752244,-162.4808969
302.0704377,-162.5776653
303.0645637,-162.6850272
304.0574571,-162.8032445
305.0489625,-162.9325768
306.0389177,-163.0732817
307.0271503,-163.2256146
308.013478,-163.3898285
308.9977088,-163.5661742
309.9796407,-163.7549009
310.959061,-163.9562541
311.9357474,-164.1704753
312.909466,-164.3978048
313.8799717,-164.6384796
314.8470103,-164.8927343
315.8103111,-165.1607972
316.7696119,-165.442848
317.7246736,-165.7389249
318.675263,-166.0490606
319.6211398,-166.373285
320.5620591,-166.7116264
321.4977718,-167.0641112
322.428024,-167.4307638
323.3525574,-167.8116065
324.2711081,-168.2066592
325.1834086,-168.6159402
326.0891859,-169.0394618
326.9881731,-169.4772095
327.8801109,-169.9291463
328.7647369,-170.3952321
329.6417825,-170.8754248
330.510956,-171.3697177
331.3718854,-171.878242
332.2241573,-172.4011464
333.0673514,-172.9385667
333.9010303,-173.4906309
334.724744,-174.0574559
335.5380324,-174.6391397
336.3404284,-175.2357577
337.131453,-175.8473716
337.9106187,-176.474022
338.6774289,-177.1157314
339.4313731,-177.7725097
340.1719239,-178.4443518
340.8985568,-179.1312191
341.6109657,-179.8328319
342.3090773,-180.5486734
342.9928554,-181.2782194
343.6622786,-182.02096
344.3173379,-182.7763989
344.9580382,-183.5440553
345.584381,-184.323469
346.1963908,-185.1141894
346.7941238,-185.9157569
347.3776493,-186.7277262
347.9470456,-187.5496657
348.5023999,-188.3811576
349.0438075,-189.221798
349.5713703,-190.0711957
350.0851973,-190.9289728
350.5854034,-191.7947639
351.0721085,-192.6682163
351.5454373,-193.5489895
352.005518,-194.4367553
352.4524822,-195.3311971
352.886464,-196.2320099
353.3075986,-197.1388994
353.7159871,-198.0515952
354.1115605,-198.9699276
354.4942739,-199.8936918
354.8642296,-200.8226379
355.2215498,-201.7565173
355.5663625,-202.6950869
355.8987999,-203.6381112
356.2189988,-204.5853612
356.5270976,-205.5366137
356.823241,-206.491656
357.1075769,-207.4502803
357.3802567,-208.4122853
357.6414347,-209.3774768
357.8912682,-210.345667
358.129917,-211.3166749
358.3575434,-212.2903259
358.5743118,-213.2664519
358.780389,-214.2448911
358.9759434,-215.2254878
359.1611457,-216.2080925
359.3361679,-217.1925616
359.5011842,-218.1787575
359.6563699,-219.1665482
359.8019023,-220.1558074
359.9379597,-221.1464144
360.0647222,-222.1382538
360.182371,-223.1312156
360.2910888,-224.1251951
360.3910594,-225.1200926
360.4824679,-226.1158134
360.5655006,-227.1122677
360.6403449,-228.1093706
360.7071895,-229.107042
360.766224,-230.105206
360.8176393,-231.1037916
360.8616272,-232.1027321
360.8983809,-233.1019651
360.9280939,-234.1014319
360.9509535,-235.1010796
360.9671035,-236.1008582
360.9766727,-237.1007218
360.9797909,-238.1006264
360.9765881,-239.1005308
360.9671941,-240.1003962
360.9517387,-241.1001865
360.9303517,-242.0998675
360.9031624,-243.0994077
360.8703001,-244.0987775
360.8318938,-245.0979497
360.788072,-246.096899
360.7389629,-247.0956025
360.6846943,-248.0940389
360.6253935,-249.0921892
360.5611874,-250.090036
360.4922024,-251.0875638
360.4185642,-252.084759
360.3403982,-253.0816095
360.2578291,-254.078105
360.170981,-255.0742367
360.0799776,-256.0699974
359.9849419,-257.0653814
359.8859962,-258.0603844
359.7832625,-259.0550033
359.6768621,-260.0492368
359.5669155,-261.0430846
359.4535386,-262.0365472
359.3368216,-263.0296225
359.2168374,-264.0223083
359.093657,-265.0146025
358.9673514,-266.0065037
358.8379912,-266.9980111
358.7056487,-267.9891217
358.5704478,-268.9798474
358.4326492,-269.9702172
358.2925614,-270.9602658
358.1504944,-271.9500325
358.0067577,-272.9395581
357.8616607,-273.9288852
357.7155128,-274.9180577
357.5686232,-275.9071203
357.4212999,-276.8961185
357.2738027,-277.8850907
357.1262307,-278.8740518
356.9786087,-279.8630054
356.8309582,-280.8519548
356.6833004,-281.840903
356.5356567,-282.8298534
356.3880483,-283.8188091
356.2404966,-284.8077732
356.0930229,-285.7967489
355.9456486,-286.7857395
355.7983949,-287.774748
355.6512832,-288.7637776
355.5043348,-289.7528316
355.357571,-290.7419129
355.2110131,-291.7310248
355.0646826,-292.7201703
354.9186006,-293.7093525
354.7727885,-294.6985746
354.6272677,-295.6878396
354.4820595,-296.6771505
354.3371851,-297.6665104
354.1926661,-298.6559222
354.0485236,-299.6453889
353.904779,-300.6349136
353.7614537,-301.624499
353.618569,-302.6141482
353.4761463,-303.6038639
353.3342069,-304.5936491
353.1927722,-305.5835065
353.0518635,-306.5734389
352.9115022,-307.563449
352.7717081,-308.5535391
352.6324862,-309.5437101
352.4938301,-310.5339605
352.3557357,-311.5242895
352.2181986,-312.514696
352.0812149,-313.5051791
351.9447802,-314.4957381
351.8088904,-315.486372
351.6735412,-316.4770798
351.5387286,-317.4678608
351.4044482,-318.4587141
351.270696,-319.4496389
351.1374677,-320.4406342
351.0047591,-321.4316992
350.872566,-322.4228332
350.7408842,-323.4140351
350.6097096,-324.4053044
350.4790379,-325.39664
350.3488649,-326.3880413
350.2191865,-327.3795074
350.0899983,-328.3710375
349.9612963,-329.3626308
349.8330762,-330.3542865
349.7053339,-331.3460039
349.578065,-332.3377822
349.4512654,-333.3296205
349.324931,-334.3215182
349.1990574,-335.3134746
349.0736405,-336.3054887
348.9486761,-337.29756
348.8241599,-338.2896876
348.7000878,-339.2818708
348.5764555,-340.274109
348.4532589,-341.2664013
348.3304937,-342.2587471
348.2081557,-343.2511457
348.0862406,-344.2435963
347.9647444,-345.2360983
347.8436627,-346.2286509
347.7229913,-347.2212535
347.6027261,-348.2139054
347.4828628,-349.2066059
347.3633972,-350.1993543
347.244325,-351.19215
347.1256421,-352.1849923
347.0073442,-353.1778806
346.8894271,-354.1708141
346.7718867,-355.1637923
346.6547186,-356.1568146
346.5379186,-357.1498801
346.4214825,-358.1429885
346.3054062,-359.1361389
346.1896853,-360.1293308
346.0743157,-361.1225636
345.9592931,-362.1158366
345.8446133,-363.1091493
345.730272,-364.102501
345.6162651,-365.0958911
345.5025884,-366.089319
345.3892375,-367.0827842
345.2762082,-368.076286
345.1634964,-369.0698239
345.0510978,-370.0633973
344.9390082,-371.0570056
344.8272233,-372.0506482
344.7157389,-373.0443245
344.6045508,-374.0380341
344.4936547,-375.0317763
344.3830465,-376.0255506
344.2727218,-377.0193564
344.1626765,-378.0131932
344.0529063,-379.0070603
343.9434069,-380.0009574
343.8341742,-380.9948838
343.7252039,-381.988839
343.6164918,-382.9828225
343.5080336,-383.9768338
343.3998251,-384.9708722
343.2918619,-385.9649373
343.1841396,-386.9590286
343.0766538,-387.9531454
342.9694,-388.9472873
342.8623738,-389.9414537
342.7555713,-390.9356442
342.6489884,-391.9298583
342.5426212,-392.9240954
342.4364231,-393.9183506
342.3300493,-394.9125871
342.222946,-395.9067451
342.1145476,-396.9007625
342.004293,-397.8945697
341.8917166,-398.8881184
341.7765845,-399.8813787
341.6587423,-400.8743211
341.5380375,-401.8669202
341.414314,-402.8591479
341.2873831,-403.85097
341.1570194,-404.8423461
341.0229923,-405.8332337
340.8850709,-406.8235866
340.7430238,-407.8133561
340.5966193,-408.8024904
340.4456254,-409.7909344
340.2898097,-410.7786297
340.1289397,-411.7655143
339.9627827,-412.7515224
339.7911059,-413.7365843
339.6136763,-414.7206262
339.4302613,-415.7035698
339.240628,-416.6853326
339.0445442,-417.6658273
338.8417779,-418.6449617
338.6320975,-419.6226386
338.4152724,-420.5987555
338.1910728,-421.5732054
337.9592636,-422.5458726
337.7195558,-423.5166229
337.4716466,-424.485311
337.2152355,-425.4517831
336.9500258,-426.4158777
336.6757245,-427.3774248
336.3920421,-428.3362459
336.0986937,-429.2921537
335.7953979,-430.2449518
335.4818781,-431.1944344
335.1578619,-432.1403862
334.8230817,-433.082582
334.4772735,-434.0207861
334.1201811,-434.9547533
333.7515527,-435.8842273
333.3711415,-436.8089411
332.9787068,-437.7286164
332.5740138,-438.6429635
332.1568341,-439.551681
331.7269458,-440.4544555
331.2841343,-441.3509616
330.8281906,-442.2408603
330.3589146,-443.1238007
329.8761179,-443.9994207
329.3796182,-444.8673437
328.8692423,-445.7271799
328.3448267,-446.5785255
327.8062183,-447.4209623
327.2532732,-448.2540605
326.6858601,-449.0773717
326.1038597,-449.8904362
325.5071663,-450.6927792
324.8956884,-451.4839124
324.2693523,-452.2633345
323.6280964,-453.0305281
322.9718756,-453.7849617
322.3006649,-454.5260884
321.6144731,-455.2533742
320.9134606,-455.9663789
320.1978666,-456.6647452
319.4679515,-457.3481048
318.7238518,-458.0160009
317.9657162,-458.6679284
317.193803,-459.3034817
316.4083776,-459.9222577
315.609711,-460.5238451
314.7980811,-461.1078242
313.973774,-461.6737672
313.1370843,-462.2212373
312.2883173,-462.7497892
311.427789,-463.2589685
310.5558244,-463.7483142
309.672771,-464.217351
308.7789869,-464.6655971
307.8748438,-465.0925591
306.9607173,-465.4977042
306.0369981,-465.8804703
305.1040999,-466.2402845
304.162463,-466.576563
303.2125551,-466.8887114
302.2548736,-467.1761251
301.289949,-467.4381894
300.3183505,-467.6743162
299.340863,-467.8846596
298.3583787,-468.0702958
297.3715499,-468.2314264
296.3810178,-468.3679416
295.3874113,-468.4799015
294.3913586,-468.5674536
293.393472,-468.6307583
292.3943499,-468.6699905
291.3945801,-468.6854117
290.3947243,-468.677584
289.3953,-468.6471261
288.3967884,-468.594645
287.399632,-468.520742
286.4042371,-468.4260109
285.4109754,-468.3110389
284.420186,-468.1764064
283.4321768,-468.0226884
282.4472256,-467.8504546
281.4655818,-467.6602698
280.4874666,-467.452695
279.5130749,-467.2282873
278.5425753,-466.9876006
277.5761115,-466.7311861
276.6138023,-466.4595924
275.6557428,-466.1733664
274.7020042,-465.8730535
273.7526371,-465.5591952
272.8076831,-465.2322859
271.8671947,-464.892743
270.9312096,-464.5409751
269.9997517,-464.1773877
269.0728311,-463.8023831
268.1504445,-463.41636
267.2325758,-463.019713
266.3191971,-462.6128328
265.4102684,-462.1961057
264.5057387,-461.7699138
263.6055465,-461.3346345
262.7096201,-460.8906411
261.8178779,-460.4383018
260.9302295,-459.9779805
260.0465756,-459.5100366
259.1668087,-459.0348247
258.2908135,-458.552695
257.4184675,-458.0639931
256.5496412,-457.5690601
255.684206,-457.0682206
254.822038,-456.5617771
253.963009,-456.0500268
253.1069864,-455.5332631
252.2538332,-455.0117753
251.4034088,-454.485849
250.5555687,-453.9557664
249.7101653,-453.421806
248.8670491,-452.8842403
248.0260917,-452.3433039
247.1871911,-451.7991837
246.3502478,-451.2520578
245.5151612,-450.7021051
244.6817723,-450.1495862
243.8497291,-449.5950367
243.0186156,-449.0390946
242.1880086,-448.4823958
241.3575395,-447.9254914
240.5270734,-447.3685825
239.6966023,-446.811681
238.8661262,-446.2547869
238.0356452,-445.6979003
237.2051591,-445.1410211
236.3746681,-444.5841494
235.544172,-444.0272852
234.7136708,-443.4704286
233.8831645,-442.9135795
233.0526532,-442.3567381
232.2221367,-441.7999043
231.3916151,-441.2430781
230.5610883,-440.6862597
229.7305564,-440.129449
228.9000192,-439.572646
228.0694768,-439.0158508
227.2389292,-438.4590635
226.4083763,-437.902284
225.5778182,-437.3455123
224.7472547,-436.7887486
223.916686,-436.2319928
223.0861119,-435.6752449
222.2555324,-435.118505
221.4249476,-434.5617732
220.5943574,-434.0050494
219.7637617,-433.4483337
218.9331607,-432.8916261
218.1025542,-432.3349266
217.2719422,-431.7782353
216.4413247,-431.2215522
215.6107017,-430.6648773
214.7800731,-430.1082106
213.9494391,-429.5515523
213.1187994,-428.9949022
212.2881542,-428.4382605
211.4575033,-427.8816272
210.6268468,-427.3250023
209.7961847,-426.7683858
208.9655169,-426.2117777
208.1348434,-425.6551782
207.3041642,-425.0985871
206.4734793,-424.5420047
205.6427886,-423.9854307
204.8120922,-423.4288654
203.98139,-422.8723088
203.150682,-422.3157607
202.3199681,-421.7592214
201.4892484,-421.2026908
200.6585229,-420.646169
199.8277914,-420.0896559
198.9970541,-419.5331517
198.1663108,-418.9766563
197.3355616,-418.4201697
196.5048065,-417.8636921
195.6740453,-417.3072234
194.8432782,-416.7507636
194.012505,-416.1943129
193.1817258,-415.6378711
192.3509406,-415.0814384
191.5201492,-414.5250148
190.6893518,-413.9686002
189.8585483,-413.4121948
189.0277386,-412.8557986
188.1969227,-412.2994116
187.3661007,-411.7430337
186.5352725,-411.1866652
185.7044381,-410.6303059
184.8735974,-410.0739559
184.0427505,-409.5176153
183.2118973,-408.961284
182.3810378,-408.4049621
181.550172,-407.8486497
180.7192999,-407.2923467
179.8884215,-406.7360532
179.0575366,-406.1797692
178.2266454,-405.6234947
177.3957477,-405.0672298
176.5648437,-404.5109746
175.7339331,-403.9547289
174.9030162,-403.3984929
174.0720927,-402.8422667
173.2411627,-402.2860501
172.4102262,-401.7298433
171.5792831,-401.1736462
170.7483335,-400.617459
169.9173773,-400.0612816
169.0864145,-399.5051141
168.2554451,-398.9489565
167.424469,-398.3928088
166.5934863,-397.836671
165.7624969,-397.2805432
164.9315007,-396.7244255
164.1004979,-396.1683178
163.2694883,-395.6122202
162.438472,-395.0561326
161.6074488,-394.5000552
160.7764189,-393.943988
159.9453822,-393.3879309
159.1143386,-392.8318841
158.2832882,-392.2758475
157.4522309,-391.7198212
156.6211667,-391.1638052
155.7900955,-390.6077996
154.9590175,-390.0518043
154.1279325,-389.4958194
153.2968405,-388.9398449
152.4657415,-388.3838809
151.6346355,-387.8279273
150.8035225,-387.2719843
149.9724024,-386.7160518
149.1412753,-386.1601299
148.310141,-385.6042186
147.4789997,-385.048318
146.6478512,-384.4924279
145.8166956,-383.9365486
144.9855328,-383.38068
144.1543628,-382.8248222
143.3231856,-382.2689751
142.4920012,-381.7131388
141.6608095,-381.1573134
140.8296106,-380.6014988
139.9984043,-380.0456951
139.1671908,-379.4899024
138.33597,-378.9341206
137.5047418,-378.3783498
136.6735062,-377.82259
135.8422633,-377.2668412
135.0110129,-376.7111035
134.1797552,-376.1553769
133.34849,-375.5996615
132.5172173,-375.0439572
131.6859372,-374.4882641
130.8546495,-373.9325822
130.0233544,-373.3769116
129.1920517,-372.8212522
128.3607414,-372.2656041
127.5294236,-371.7099674
126.6980981,-371.1543421
125.8667651,-370.5987281
125.0354244,-370.0431256
124.2040761,-369.4875345
123.3727201,-368.9319549
122.5413564,-368.3763868
121.709985,-367.8208303
120.8786058,-367.2652853
120.0472189,-366.7097519
119.2158242,-366.1542302
118.3844218,-365.5987201
117.5530115,-365.0432217
116.7215934,-364.487735
115.8901675,-363.9322601
115.0587336,-363.376797
114.2272919,-362.8213456
113.3958423,-362.2659061
112.5643848,-361.7104785
111.7329193,-361.1550627
110.9014458,-360.5996589
110.0699644,-360.0442671
109.238475,-359.4888872
108.4069775,-358.9335193
107.575472,-358.3781635
106.7439584,-357.8228197
105.9124368,-357.2674881
105.080907,-356.7121685
104.2493691,-356.1568612
103.4178231,-355.601566
102.586269,-355.046283
101.7547066,-354.4910123
100.9231361,-353.9357539
100.0915573,-353.3805078
99.2599703,-352.825274
98.428375,-352.2700526
97.5967715,-351.7148435
96.7651597,-351.1596469
95.9335395,-350.6044628
95.101911,-350.0492911
94.2702742,-349.494132
93.438629,-348.9389854
92.6069754,-348.3838513
91.7753134,-347.8287299
90.943643,-347.2736211
90.1119641,-346.7185249
89.2802767,-346.1634415
88.4485809,-345.6083708
87.6168765,-345.0533128
86.7851636,-344.4982676
85.9534422,-343.9432352
85.1217122,-343.3882156
84.2899736,-342.8332089
83.4582264,-342.2782151
82.6264706,-341.7232342
81.7947062,-341.1682663
80.962933,-340.6133113
80.1311512,-340.0583694
79.2993607,-339.5034405
78.4675615,-338.9485247
77.6357536,-338.393622
76.8039368,-337.8387324
75.9721113,-337.283856
75.140277,-336.7289928
74.3084339,-336.1741428
73.476582,-335.619306
72.6447211,-335.0644826
71.8128515,-334.5096724
70.9809729,-333.9548756
70.1490854,-333.4000921
69.3171889,-332.845322
68.4852835,-332.2905654
67.6533692,-331.7358222
66.8214458,-331.1810925
65.9895135,-330.6263763
65.1575721,-330.0716737
64.3256216,-329.5169846
63.4936621,-328.9623091
62.6616935,-328.4076473
61.8297158,-327.8529991
60.997729,-327.2983647
60.165733,-326.7437439
59.3337278,-326.1891369
58.5017135,-325.6345437
57.66969,-325.0799642
56.8376572,-324.5253987
56.0056152,-323.9708469
55.1735639,-323.4163091
54.3415034,-322.8617852
53.5094335,-322.3072753
52.6773544,-321.7527794
51.8452658,-321.1982974
51.013168,-320.6438295
50.1810607,-320.0893757
49.3489441,-319.534936
48.516818,-318.9805104
47.6846825,-318.426099
46.8525376,-317.8717018
46.0203831,-317.3173188
45.1882192,-316.7629501
44.3560458,-316.2085956
43.5238628,-315.6542555
42.6916703,-315.0999296
41.8594682,-314.5456182
41.0272565,-313.9913212
40.1950352,-313.4370385
39.3628043,-312.8827704
38.5305637,-312.3285167
37.6983135,-311.7742776
36.8660535,-311.220053
36.0337839,-310.6658429
35.2015045,-310.1116475
34.3692154,-309.5574667
33.5369166,-309.0033006
32.7046079,-308.4491491
31.8722894,-307.8950124
31.0399612,-307.3408905
30.2076231,-306.7867833
29.3752751,-306.2326909
28.5429172,-305.6786134
27.7105495,-305.1245508
26.8781718,-304.570503
26.0457842,-304.0164702
25.2133866,-303.4624524
24.380979,-302.9084495
23.5485615,-302.3544616
22.7161339,-301.8004888
21.8836964,-301.2465311
21.0512487,-300.6925885
20.218791,-300.138661
19.3863232,-299.5847487
18.5538453,-299.0308516
17.7213572,-298.4769697
16.888859,-297.923103
16.0563507,-297.3692517
15.2238321,-296.8154156
14.3913033,-296.261595
13.5587643,-295.7077896
12.7262151,-295.1539997
11.8936556,-294.6002252
11.0610858,-294.0464662
10.2285058,-293.4927227
9.3959153,-292.9389946
8.5633146,-292.3852822
7.7307035,-291.8315853
6.898082,-291.277904
6.0654501,-290.7242384
5.2328078,-290.1705884
4.4001551,-289.616954
3.5674922,-289.0633351
2.7348191,-288.5097314
1.902136,-287.9561428
1.069443,-287.4025691
0.2367402,-286.8490101
-0.5959723,-286.2954657
-1.4286944,-285.7419357
-2.2614259,-285.1884199
-3.0941667,-284.6349181
-3.9269168,-284.0814302
-4.7596759,-283.527956
-5.5924441,-282.9744953
-6.4252211,-282.421048
-7.2580069,-281.8676138
-8.0908013,-281.3141927
-8.9236042,-280.7607843
-9.7564155,-280.2073886
-10.5892351,-279.6540054
-11.4220629,-279.1006345
-12.2548988,-278.5472757
-13.0877426,-277.9939289
-13.9205942,-277.4405938
-14.7534535,-276.8872704
-15.5863205,-276.3339584
-16.4191949,-275.7806576
-17.2520767,-275.227368
-18.0849657,-274.6740892
-18.9178618,-274.1208212
-19.750765,-273.5675638
-20.5836751,-273.0143167
-21.416592,-272.4610799
-22.2495155,-271.9078531
-23.0824456,-271.3546362
-23.9153821,-270.801429
-24.748325,-270.2482313
-25.5812741,-269.6950429
-26.4142292,-269.1418637
-27.2471904,-268.5886936
-28.0801574,-268.0355322
-28.9131301,-267.4823795
-29.7461085,-266.9292353
-30.5790924,-266.3760994
-31.4120817,-265.8229716
-32.2450763,-265.2698518
-33.078076,-264.7167398
-33.9110808,-264.1636354
-34.7440906,-263.6105384
-35.5771051,-263.0574487
-36.4101244,-262.504366
-37.2431483,-261.9512903
-38.0761766,-261.3982213
-38.9092093,-260.8451589
-39.7422463,-260.2921029
-40.5752873,-259.7390531
-41.4083324,-259.1860094
-42.2413814,-258.6329715
-43.0744342,-258.0799394
-43.9074906,-257.5269127
-44.7405506,-256.9738914
-45.5736141,-256.4208753
-46.4066808,-255.8678642
-47.2397508,-255.314858
-48.0728239,-254.7618564
-48.9058999,-254.2088592
-49.7389788,-253.6558664
-50.5720604,-253.1028777
-51.4051447,-252.549893
-52.2382315,-251.9969121
-53.0713207,-251.4439348
-53.9044122,-250.8909609
-54.7375058,-250.3379903
-55.5706015,-249.7850228
-56.4036991,-249.2320582
-57.2367986,-248.6790964
-58.0698998,-248.1261372
-58.9030031,-247.5731811
-59.7361087,-247.0202285
-60.5692169,-246.4672798
-61.4023281,-245.9143356
-62.2354425,-245.3613964
-63.0685605,-244.8084625
-63.9016824,-244.2555345
-64.7348086,-243.7026128
-65.5679392,-243.149698
-66.4010747,-242.5967904
-67.2342153,-242.0438907
-68.0673614,-241.4909991
-68.9005133,-240.9381163
-69.7336713,-240.3852426
-70.5668357,-239.8323786
-71.4000068,-239.2795247
-72.233185,-238.7266815
-73.0663705,-238.1738493
-73.8995636,-237.6210287
-74.7327648,-237.0682201
-75.5659742,-236.515424
-76.3991923,-235.9626408
-77.2324192,-235.4098711
-78.0656554,-234.8571154
-78.8989012,-234.304374
-79.7321568,-233.7516475
-80.5654226,-233.1989363
-81.3986988,-232.6462409
-82.2319859,-232.0935619
-83.0652841,-231.5408995
-83.8985937,-230.9882545
-84.7319151,-230.4356271
-85.5652485,-229.8830179
-86.3985943,-229.3304274
-87.2319528,-228.777856
-88.0653242,-228.2253042
-88.898709,-227.6727725
-89.7321074,-227.1202613
-90.5655198,-226.5677712
-91.3989464,-226.0153025
-92.2323876,-225.4628559
-93.0658436,-224.9104316
-93.8993149,-224.3580303
-94.7328016,-223.8056524
-95.5663042,-223.2532984
-96.3998229,-222.7009687
-97.233358,-222.1486639
-98.0669099,-221.5963843
-98.9004789,-221.0441305
-99.7340653,-220.4919029
-100.5676693,-219.9397021
-101.4012914,-219.3875284
-102.2349318,-218.8353825
-103.0685909,-218.2832646
-103.9022688,-217.7311754
-104.7359661,-217.1791153
-105.5696829,-216.6270847
-106.4034196,-216.0750842
-107.2371766,-215.5231142
-108.070954,-214.9711751
-108.9047523,-214.4192676
-109.7385717,-213.867392
-110.5724126,-213.3155488
-111.4062752,-212.7637385
-112.2401599,-212.2119615
-113.074067,-211.6602184
-113.9079968,-211.1085096
-114.7419496,-210.5568357
-115.5759258,-210.0051969
-116.4099256,-209.453594
-117.2439494,-208.9020272
-118.0779974,-208.3504972
-118.91207,-207.7990043
-119.7461675,-207.247549
-120.5802902,-206.6961319
-121.4144382,-206.1447531
-122.2486114,-205.5934124
-123.0828097,-205.0421097
-123.9170331,-204.4908449
-124.7512813,-203.9396178
-125.5855544,-203.3884282
-126.4198521,-202.837276
-127.2541745,-202.286161
-128.0885213,-201.7350831
-128.9228925,-201.1840421
-129.7572879,-200.6330377
-130.5917072,-200.0820695
-131.4261502,-199.5311372
-132.2606167,-198.9802405
-133.0951065,-198.4293791
-133.9296194,-197.8785526
-134.7641552,-197.327761
-135.5987137,-196.7770038
-136.4332948,-196.2262807
-137.2678983,-195.6755915
-138.1025239,-195.1249359
-138.9371715,-194.5743136
-139.7718408,-194.0237243
-140.6065318,-193.4731677
-141.4412441,-192.9226436
-142.2759776,-192.3721516
-143.1107322,-191.8216914
-143.9455075,-191.2712629
-144.7803035,-190.7208656
-145.6151199,-190.1704992
-146.4499565,-189.6201636
-147.2848132,-189.0698584
-148.1196898,-188.5195834
-148.954586,-187.9693381
-149.7895017,-187.4191225
-150.6244366,-186.868936
-151.4593907,-186.3187786
-152.2943637,-185.7686498
-153.1293553,-185.2185495
-153.9643655,-184.6684772
-154.799394,-184.1184328
-155.6344407,-183.5684159
-156.4695053,-183.0184262
-157.3045876,-182.4684635
-158.1396875,-181.9185274
-158.9748048,-181.3686177
-159.8099392,-180.8187342
-160.6450907,-180.2688764
-161.4802589,-179.7190441
-162.3154437,-179.169237
-163.150645,-178.6194549
-163.9858624,-178.0696974
-164.8210959,-177.5199643
-165.6563453,-176.9702552
-166.4916102,-176.42057
-167.3268907,-175.8709082
-168.1621864,-175.3212696
-168.9974972,-174.7716539
-169.8328229,-174.2220609
-170.6681632,-173.6724901
-171.5035181,-173.1229415
-172.3388873,-172.5734145
-173.1742706,-172.0239091
-174.0096678,-171.4744248
-174.8450788,-170.9249615
-175.6805033,-170.3755187
-176.5159412,-169.8260962
-177.3513923,-169.2766938
-178.1868563,-168.7273111
-179.0223331,-168.1779478
-179.8578225,-167.6286037
-180.6933243,-167.0792785
-181.5288384,-166.5299718
-182.3643644,-165.9806835
-183.1999023,-165.4314131
-184.0354519,-164.8821604
-184.8710129,-164.3329252
-185.7065851,-163.7837071
-186.5421684,-163.2345059
-187.3777626,-162.6853212
-188.2133675,-162.1361528
-189.0489829,-161.5870003
-189.8846087,-161.0378635
-190.7202445,-160.4887422
-191.5558902,-159.9396359
-192.3915457,-159.3905445
-193.2272108,-158.8414676
-194.0628852,-158.292405
-194.8985688,-157.7433563
-195.7342613,-157.1943213
-196.5699627,-156.6452996
-197.4056726,-156.0962911
-198.241391,-155.5472953
-199.0771175,-154.998312
-199.9128521,-154.449341
-200.7485945,-153.9003819
-201.5843446,-153.3514344
-202.4201021,-152.8024983
-203.2558669,-152.2535733
-204.0916388,-151.704659
-204.9274176,-151.1557552
-205.763203,-150.6068617
-206.598995,-150.057978
-207.4347933,-149.5091039
-208.2705977,-148.9602392
-209.106408,-148.4113835
-209.9422241,-147.8625365
-210.7780458,-147.3136981
-211.6138728,-146.7648677
-212.449705,-146.2160453
-213.2855422,-145.6672305
-214.1213841,-145.118423
-214.9572307,-144.5696225
-215.7930817,-144.0208287
-216.6289369,-143.4720413
-217.4647962,-142.9232601
-218.3006593,-142.3744848
-219.136526,-141.825715
-219.9723963,-141.2769505
-220.8082698,-140.728191
-221.6441464,-140.1794362
-222.4800259,-139.6306858
-223.315908,-139.0819396
-224.1517928,-138.5331971
-224.9876798,-137.9844583
-225.823569,-137.4357226
-226.6594601,-136.88699
-227.495353,-136.33826
-228.3312474,-135.7895324
-229.1671433,-135.2408069
-230.0030403,-134.6920833
-230.8389383,-134.1433611
-231.6748371,-133.5946402
-232.5107366,-133.0459202
-233.3466365,-132.4972009
-234.1825366,-131.9484819
-235.0184368,-131.399763
-235.8543368,-130.8510439
-236.6902365,-130.3023243
-237.5261357,-129.7536039
-238.3620341,-129.2048825
-239.1979317,-128.6561596
-240.0338282,-128.1074351
-240.8697234,-127.5587087
-241.7056171,-127.00998
-242.5415092,-126.4612488
-243.3773994,-125.9125148
-244.2132876,-125.3637776
-245.0491736,-124.8150371
